{"cameraMode":{"drawMode":0,"name":"Shaded","section":"Shading Mode"},"sceneLighting":true,"audioPlay":false,"sceneViewState":{"m_AlwaysRefresh":false,"showFog":true,"showSkybox":true,"showFlares":true,"showImageEffects":true,"showParticleSystems":true,"showVisualEffectGraphs":true,"m_FxEnabled":true},"in2DMode":false,"pivot":{"x":346.36700439453127,"y":1.6983720064163209,"z":143.90493774414063},"rotation":{"x":0.017168637365102769,"y":-0.9153652787208557,"z":-0.039618875831365588,"w":-0.400596559047699},"size":9.553316116333008,"orthographic":false}